year,total_flood_area_ha
2014,0.0
2015,0.0
2016,11024.636550881329
2017,10898.56939380092
2018,10836.353482939898
2019,10961.35540364197
2020,11049.995353984681
2021,11005.521021306367
2022,10811.542125951411
2023,10999.35992965558
2024,10852.244313028996
